"DESCRIPTION","DURATION IN MS","NAME","PARENT SUITE","START TIME","STATUS","STOP TIME","SUB SUITE","SUITE","TEST CLASS","TEST METHOD"
"","203","Negative: Create account with email + password (no name) should return 400","api","Tue Oct 06 14:23:46 UTC 2026","passed","Tue Oct 06 14:23:46 UTC 2026","/createAccount endpoint tests","api/create-account.spec.ts","",""
"","112","Negative: Path traversal on verifyLogin","api","Tue Oct 06 14:23:57 UTC 2026","passed","Tue Oct 06 14:23:57 UTC 2026","/verifyLogin endpoint tests","api/verify-login.spec.ts","",""
"","142","Negative: GET user detail with empty email should not return valid user","api","Tue Oct 06 14:23:50 UTC 2026","passed","Tue Oct 06 14:23:50 UTC 2026","/getUserDetailByEmail endpoint tests","api/get-user-detail.spec.ts","",""
"","114","Negative: Create account without address fields should return 400","api","Tue Oct 06 14:23:47 UTC 2026","passed","Tue Oct 06 14:23:47 UTC 2026","/createAccount endpoint tests","api/create-account.spec.ts","",""
"","132","Negative: Wrong param names","api","Tue Oct 06 14:23:48 UTC 2026","passed","Tue Oct 06 14:23:48 UTC 2026","/createAccount endpoint tests","api/create-account.spec.ts","",""
"","120","Negative: Update without email param should return 400","api","Tue Oct 06 14:23:54 UTC 2026","passed","Tue Oct 06 14:23:54 UTC 2026","/updateAccount endpoint tests","api/update-account.spec.ts","",""
"","138","Negative: GET method on searchProduct should return 405","api","Tue Oct 06 14:23:52 UTC 2026","passed","Tue Oct 06 14:23:52 UTC 2026","/searchProduct endpoint tests","api/search-product.spec.ts","",""
"","147","API 7: POST To Verify Login with valid details should return 200","api","Tue Oct 06 14:23:56 UTC 2026","passed","Tue Oct 06 14:23:56 UTC 2026","/verifyLogin endpoint tests","api/verify-login.spec.ts","",""
"","111","API 8: POST To Verify Login without any params should return 400","api","Tue Oct 06 14:23:57 UTC 2026","passed","Tue Oct 06 14:23:57 UTC 2026","/verifyLogin endpoint tests","api/verify-login.spec.ts","",""
"","116","Negative: GET with credentials as query params","api","Tue Oct 06 14:23:57 UTC 2026","passed","Tue Oct 06 14:23:58 UTC 2026","/verifyLogin endpoint tests","api/verify-login.spec.ts","",""
"","117","API 8: POST To Verify Login without password param should return 400","api","Tue Oct 06 14:23:56 UTC 2026","passed","Tue Oct 06 14:23:57 UTC 2026","/verifyLogin endpoint tests","api/verify-login.spec.ts","",""
"","840","Negative: Empty string as name","api","Tue Oct 06 14:23:55 UTC 2026","passed","Tue Oct 06 14:23:56 UTC 2026","/updateAccount endpoint tests","api/update-account.spec.ts","",""
"","110","Negative: DELETE method on getUserDetailByEmail should not return 200","api","Tue Oct 06 14:23:50 UTC 2026","passed","Tue Oct 06 14:23:50 UTC 2026","/getUserDetailByEmail endpoint tests","api/get-user-detail.spec.ts","",""
"","131","API 2: POST To All Products List should return 405","api","Tue Oct 06 14:23:51 UTC 2026","passed","Tue Oct 06 14:23:51 UTC 2026","/productsList endpoint tests","api/products-list.spec.ts","",""
"","433","API 11: Created account can be verified via verifyLogin","api","Tue Oct 06 14:23:47 UTC 2026","passed","Tue Oct 06 14:23:47 UTC 2026","/createAccount endpoint tests","api/create-account.spec.ts","",""
"","150","Negative: Numeric value as search_product param","api","Tue Oct 06 14:23:52 UTC 2026","passed","Tue Oct 06 14:23:52 UTC 2026","/searchProduct endpoint tests","api/search-product.spec.ts","",""
"","127","Negative: DELETE without password param should return 400","api","Tue Oct 06 14:23:48 UTC 2026","passed","Tue Oct 06 14:23:48 UTC 2026","/deleteAccount endpoint tests","api/delete-account.spec.ts","",""
"","119","Negative: Invalid email format","api","Tue Oct 06 14:23:47 UTC 2026","passed","Tue Oct 06 14:23:47 UTC 2026","/createAccount endpoint tests","api/create-account.spec.ts","",""
"","111","Negative: Multiple search_product values via comma","api","Tue Oct 06 14:23:53 UTC 2026","passed","Tue Oct 06 14:23:53 UTC 2026","/searchProduct endpoint tests","api/search-product.spec.ts","",""
"","416","API 13: Update with only email and password accepts partial update","api","Tue Oct 06 14:23:54 UTC 2026","passed","Tue Oct 06 14:23:54 UTC 2026","/updateAccount endpoint tests","api/update-account.spec.ts","",""
"","110","Negative: PUT method on verifyLogin should return 405","api","Tue Oct 06 14:23:57 UTC 2026","passed","Tue Oct 06 14:23:57 UTC 2026","/verifyLogin endpoint tests","api/verify-login.spec.ts","",""
"","133","Negative: POST with unexpected form data","api","Tue Oct 06 14:23:45 UTC 2026","passed","Tue Oct 06 14:23:46 UTC 2026","/brandsList endpoint tests","api/brands-list.spec.ts","",""
"","715","API 3: Get All Brands List should return 200 and brands array","api","Tue Oct 06 14:23:45 UTC 2026","passed","Tue Oct 06 14:23:45 UTC 2026","/brandsList endpoint tests","api/brands-list.spec.ts","",""
"","142","Negative: Very long string as email","api","Tue Oct 06 14:23:57 UTC 2026","passed","Tue Oct 06 14:23:57 UTC 2026","/verifyLogin endpoint tests","api/verify-login.spec.ts","",""
"","141","Negative: Very long string as email","api","Tue Oct 06 14:23:49 UTC 2026","passed","Tue Oct 06 14:23:49 UTC 2026","/deleteAccount endpoint tests","api/delete-account.spec.ts","",""
"","139","Negative: Very long string as password","api","Tue Oct 06 14:23:57 UTC 2026","passed","Tue Oct 06 14:23:57 UTC 2026","/verifyLogin endpoint tests","api/verify-login.spec.ts","",""
"","148","Negative: POST with unexpected form data","api","Tue Oct 06 14:23:52 UTC 2026","passed","Tue Oct 06 14:23:52 UTC 2026","/productsList endpoint tests","api/products-list.spec.ts","",""
"","484","API 11: Create account without birth fields should return 201","api","Tue Oct 06 14:23:46 UTC 2026","passed","Tue Oct 06 14:23:47 UTC 2026","/createAccount endpoint tests","api/create-account.spec.ts","",""
"","130","Negative: PUT method on createAccount should not return 201","api","Tue Oct 06 14:23:47 UTC 2026","passed","Tue Oct 06 14:23:47 UTC 2026","/createAccount endpoint tests","api/create-account.spec.ts","",""
"","205","API 5: POST To Search Product with valid search_product param","api","Tue Oct 06 14:23:52 UTC 2026","passed","Tue Oct 06 14:23:52 UTC 2026","/searchProduct endpoint tests","api/search-product.spec.ts","",""
"","356","API 12: DELETE account with valid email and password should return 200","api","Tue Oct 06 14:23:48 UTC 2026","passed","Tue Oct 06 14:23:48 UTC 2026","/deleteAccount endpoint tests","api/delete-account.spec.ts","",""
"","126","Negative: XSS injection in email field","api","Tue Oct 06 14:23:57 UTC 2026","passed","Tue Oct 06 14:23:57 UTC 2026","/verifyLogin endpoint tests","api/verify-login.spec.ts","",""
"","430","Negative: Very long string as name","api","Tue Oct 06 14:23:55 UTC 2026","passed","Tue Oct 06 14:23:55 UTC 2026","/updateAccount endpoint tests","api/update-account.spec.ts","",""
"","129","Negative: Create account with name + password (no email) should return 400","api","Tue Oct 06 14:23:46 UTC 2026","passed","Tue Oct 06 14:23:46 UTC 2026","/createAccount endpoint tests","api/create-account.spec.ts","",""
"","124","Negative: search_product as query param instead of form data","api","Tue Oct 06 14:23:53 UTC 2026","passed","Tue Oct 06 14:23:53 UTC 2026","/searchProduct endpoint tests","api/search-product.spec.ts","",""
"","905","API 13: Update address fields","api","Tue Oct 06 14:23:53 UTC 2026","passed","Tue Oct 06 14:23:54 UTC 2026","/updateAccount endpoint tests","api/update-account.spec.ts","",""
"","114","Negative: POST method on getUserDetailByEmail should not return 200","api","Tue Oct 06 14:23:50 UTC 2026","passed","Tue Oct 06 14:23:50 UTC 2026","/getUserDetailByEmail endpoint tests","api/get-user-detail.spec.ts","",""
"","110","Negative: Update without password param should return 400","api","Tue Oct 06 14:23:54 UTC 2026","passed","Tue Oct 06 14:23:54 UTC 2026","/updateAccount endpoint tests","api/update-account.spec.ts","",""
"","130","Negative: Create account with name + email (no password) should return 400","api","Tue Oct 06 14:23:46 UTC 2026","passed","Tue Oct 06 14:23:46 UTC 2026","/createAccount endpoint tests","api/create-account.spec.ts","",""
"","117","Negative: DELETE method on updateAccount should not return 200","api","Tue Oct 06 14:23:54 UTC 2026","passed","Tue Oct 06 14:23:55 UTC 2026","/updateAccount endpoint tests","api/update-account.spec.ts","",""
"","121","Negative: Very long string as email should not return valid user","api","Tue Oct 06 14:23:50 UTC 2026","passed","Tue Oct 06 14:23:50 UTC 2026","/getUserDetailByEmail endpoint tests","api/get-user-detail.spec.ts","",""
"","370","Negative: Swapped param values (password in email field)","api","Tue Oct 06 14:23:49 UTC 2026","passed","Tue Oct 06 14:23:50 UTC 2026","/deleteAccount endpoint tests","api/delete-account.spec.ts","",""
"","536","API 13: Update only name field","api","Tue Oct 06 14:23:53 UTC 2026","passed","Tue Oct 06 14:23:54 UTC 2026","/updateAccount endpoint tests","api/update-account.spec.ts","",""
"","127","Negative: GET user detail with special characters as email","api","Tue Oct 06 14:23:50 UTC 2026","passed","Tue Oct 06 14:23:50 UTC 2026","/getUserDetailByEmail endpoint tests","api/get-user-detail.spec.ts","",""
"","614","Negative: Email as form data instead of query param","api","Tue Oct 06 14:23:50 UTC 2026","passed","Tue Oct 06 14:23:51 UTC 2026","/getUserDetailByEmail endpoint tests","api/get-user-detail.spec.ts","",""
"","135","Negative: SQL injection attempt as search_product param","api","Tue Oct 06 14:23:53 UTC 2026","passed","Tue Oct 06 14:23:53 UTC 2026","/searchProduct endpoint tests","api/search-product.spec.ts","",""
"","131","API 5: Search returns products for ""jean""","api","Tue Oct 06 14:23:52 UTC 2026","passed","Tue Oct 06 14:23:52 UTC 2026","/searchProduct endpoint tests","api/search-product.spec.ts","",""
"","119","Negative: HTML/script injection as search_product param","api","Tue Oct 06 14:23:53 UTC 2026","passed","Tue Oct 06 14:23:53 UTC 2026","/searchProduct endpoint tests","api/search-product.spec.ts","",""
"","116","Negative: Create account with only name should return 400","api","Tue Oct 06 14:23:46 UTC 2026","passed","Tue Oct 06 14:23:46 UTC 2026","/createAccount endpoint tests","api/create-account.spec.ts","",""
"","110","API 8: POST To Verify Login without email param should return 400","api","Tue Oct 06 14:23:56 UTC 2026","passed","Tue Oct 06 14:23:56 UTC 2026","/verifyLogin endpoint tests","api/verify-login.spec.ts","",""
"","126","Negative: PUT method on getUserDetailByEmail should not return 200","api","Tue Oct 06 14:23:50 UTC 2026","passed","Tue Oct 06 14:23:50 UTC 2026","/getUserDetailByEmail endpoint tests","api/get-user-detail.spec.ts","",""
"","132","Negative: XSS injection in email field","api","Tue Oct 06 14:23:49 UTC 2026","passed","Tue Oct 06 14:23:49 UTC 2026","/deleteAccount endpoint tests","api/delete-account.spec.ts","",""
"","616","Negative: Wrong param name instead of email","api","Tue Oct 06 14:23:50 UTC 2026","passed","Tue Oct 06 14:23:51 UTC 2026","/getUserDetailByEmail endpoint tests","api/get-user-detail.spec.ts","",""
"","734","API 3: DELETE To All Brands List should return 405","api","Tue Oct 06 14:23:44 UTC 2026","passed","Tue Oct 06 14:23:45 UTC 2026","/brandsList endpoint tests","api/brands-list.spec.ts","",""
"","431","Negative: GET user detail with non-existing email should not return 200","api","Tue Oct 06 14:23:50 UTC 2026","passed","Tue Oct 06 14:23:50 UTC 2026","/getUserDetailByEmail endpoint tests","api/get-user-detail.spec.ts","",""
"","182","Negative: Random string path param","api","Tue Oct 06 14:23:52 UTC 2026","passed","Tue Oct 06 14:23:52 UTC 2026","/productsList endpoint tests","api/products-list.spec.ts","",""
"","390","Negative: Update non-existing account should not return 200","api","Tue Oct 06 14:23:54 UTC 2026","passed","Tue Oct 06 14:23:54 UTC 2026","/updateAccount endpoint tests","api/update-account.spec.ts","",""
"","125","Negative: Numeric path param on verifyLogin","api","Tue Oct 06 14:23:57 UTC 2026","passed","Tue Oct 06 14:23:57 UTC 2026","/verifyLogin endpoint tests","api/verify-login.spec.ts","",""
"","117","Negative: DELETE method on createAccount should not return 201","api","Tue Oct 06 14:23:47 UTC 2026","passed","Tue Oct 06 14:23:47 UTC 2026","/createAccount endpoint tests","api/create-account.spec.ts","",""
"","119","Negative: Wrong param names for email and password","api","Tue Oct 06 14:23:57 UTC 2026","passed","Tue Oct 06 14:23:57 UTC 2026","/verifyLogin endpoint tests","api/verify-login.spec.ts","",""
"","122","Negative: GET with XSS in query params","api","Tue Oct 06 14:23:45 UTC 2026","passed","Tue Oct 06 14:23:46 UTC 2026","/brandsList endpoint tests","api/brands-list.spec.ts","",""
"","296","Negative: Very long string as name","api","Tue Oct 06 14:23:47 UTC 2026","passed","Tue Oct 06 14:23:47 UTC 2026","/createAccount endpoint tests","api/create-account.spec.ts","",""
"","114","Negative: Empty string as name","api","Tue Oct 06 14:23:47 UTC 2026","passed","Tue Oct 06 14:23:48 UTC 2026","/createAccount endpoint tests","api/create-account.spec.ts","",""
"","124","Negative: SQL injection in email field","api","Tue Oct 06 14:23:49 UTC 2026","passed","Tue Oct 06 14:23:49 UTC 2026","/deleteAccount endpoint tests","api/delete-account.spec.ts","",""
"","1092","API 13: Updated fields are reflected in getUserDetailByEmail","api","Tue Oct 06 14:23:53 UTC 2026","passed","Tue Oct 06 14:23:54 UTC 2026","/updateAccount endpoint tests","api/update-account.spec.ts","",""
"","459","API 14: GET user detail by email should return 200 and user object","api","Tue Oct 06 14:23:49 UTC 2026","passed","Tue Oct 06 14:23:50 UTC 2026","/getUserDetailByEmail endpoint tests","api/get-user-detail.spec.ts","",""
"","786","Negative: Wrong param names","api","Tue Oct 06 14:23:55 UTC 2026","passed","Tue Oct 06 14:23:56 UTC 2026","/updateAccount endpoint tests","api/update-account.spec.ts","",""
"","462","Negative: Params as query params instead of form data","api","Tue Oct 06 14:23:55 UTC 2026","passed","Tue Oct 06 14:23:56 UTC 2026","/updateAccount endpoint tests","api/update-account.spec.ts","",""
"","366","API 14: Birth fields are returned correctly","api","Tue Oct 06 14:23:50 UTC 2026","passed","Tue Oct 06 14:23:50 UTC 2026","/getUserDetailByEmail endpoint tests","api/get-user-detail.spec.ts","",""
"","125","Negative: Numeric path param on searchProduct","api","Tue Oct 06 14:23:53 UTC 2026","passed","Tue Oct 06 14:23:53 UTC 2026","/searchProduct endpoint tests","api/search-product.spec.ts","",""
"","160","Negative: Path traversal attempt","api","Tue Oct 06 14:23:51 UTC 2026","passed","Tue Oct 06 14:23:52 UTC 2026","/productsList endpoint tests","api/products-list.spec.ts","",""
"","128","Negative: Create account with only name, email, password should return 400","api","Tue Oct 06 14:23:46 UTC 2026","passed","Tue Oct 06 14:23:46 UTC 2026","/createAccount endpoint tests","api/create-account.spec.ts","",""
"","227","Negative: Random query params should be ignored and return 200","api","Tue Oct 06 14:23:51 UTC 2026","passed","Tue Oct 06 14:23:52 UTC 2026","/productsList endpoint tests","api/products-list.spec.ts","",""
"","378","Negative: SQL injection in name field","api","Tue Oct 06 14:23:54 UTC 2026","passed","Tue Oct 06 14:23:55 UTC 2026","/updateAccount endpoint tests","api/update-account.spec.ts","",""
"","119","API 6: POST To Search Product without search_product param should return 400","api","Tue Oct 06 14:23:52 UTC 2026","passed","Tue Oct 06 14:23:52 UTC 2026","/searchProduct endpoint tests","api/search-product.spec.ts","",""
"","165","Negative: DELETE without email param should return 400","api","Tue Oct 06 14:23:48 UTC 2026","passed","Tue Oct 06 14:23:48 UTC 2026","/deleteAccount endpoint tests","api/delete-account.spec.ts","",""
"","114","Negative: POST method on deleteAccount should not return 200","api","Tue Oct 06 14:23:49 UTC 2026","passed","Tue Oct 06 14:23:49 UTC 2026","/deleteAccount endpoint tests","api/delete-account.spec.ts","",""
"","127","Negative: SQL injection in email field","api","Tue Oct 06 14:23:57 UTC 2026","passed","Tue Oct 06 14:23:57 UTC 2026","/verifyLogin endpoint tests","api/verify-login.spec.ts","",""
"","117","Negative: Duplicate email params with different values","api","Tue Oct 06 14:23:57 UTC 2026","passed","Tue Oct 06 14:23:57 UTC 2026","/verifyLogin endpoint tests","api/verify-login.spec.ts","",""
"","131","Negative: Very long string as search_product param","api","Tue Oct 06 14:23:52 UTC 2026","passed","Tue Oct 06 14:23:53 UTC 2026","/searchProduct endpoint tests","api/search-product.spec.ts","",""
"","333","API 11: Create account without title should still return 201","api","Tue Oct 06 14:23:46 UTC 2026","passed","Tue Oct 06 14:23:46 UTC 2026","/createAccount endpoint tests","api/create-account.spec.ts","",""
"","108","Negative: PUT method on searchProduct should return 405","api","Tue Oct 06 14:23:52 UTC 2026","passed","Tue Oct 06 14:23:52 UTC 2026","/searchProduct endpoint tests","api/search-product.spec.ts","",""
"","124","Negative: GET method on updateAccount should not return 200","api","Tue Oct 06 14:23:54 UTC 2026","passed","Tue Oct 06 14:23:55 UTC 2026","/updateAccount endpoint tests","api/update-account.spec.ts","",""
"","123","API 3: PUT To All Brands List should return 405","api","Tue Oct 06 14:23:45 UTC 2026","passed","Tue Oct 06 14:23:45 UTC 2026","/brandsList endpoint tests","api/brands-list.spec.ts","",""
"","134","Negative: SQL injection in query param","api","Tue Oct 06 14:23:45 UTC 2026","passed","Tue Oct 06 14:23:45 UTC 2026","/brandsList endpoint tests","api/brands-list.spec.ts","",""
"","126","Negative: Credentials as query params instead of form data","api","Tue Oct 06 14:23:49 UTC 2026","passed","Tue Oct 06 14:23:49 UTC 2026","/deleteAccount endpoint tests","api/delete-account.spec.ts","",""
"","423","API 12: Deleting same account twice should fail on second attempt","api","Tue Oct 06 14:23:48 UTC 2026","passed","Tue Oct 06 14:23:48 UTC 2026","/deleteAccount endpoint tests","api/delete-account.spec.ts","",""
"","123","Negative: DELETE method on searchProduct should return 405","api","Tue Oct 06 14:23:52 UTC 2026","passed","Tue Oct 06 14:23:52 UTC 2026","/searchProduct endpoint tests","api/search-product.spec.ts","",""
"","143","Negative: Path param appended to createAccount","api","Tue Oct 06 14:23:48 UTC 2026","passed","Tue Oct 06 14:23:48 UTC 2026","/createAccount endpoint tests","api/create-account.spec.ts","",""
"","136","Negative: SQL injection in form param name","api","Tue Oct 06 14:23:53 UTC 2026","passed","Tue Oct 06 14:23:53 UTC 2026","/searchProduct endpoint tests","api/search-product.spec.ts","",""
"","475","API 12: Deleted account should no longer be verifiable via login","api","Tue Oct 06 14:23:48 UTC 2026","passed","Tue Oct 06 14:23:48 UTC 2026","/deleteAccount endpoint tests","api/delete-account.spec.ts","",""
"","121","Negative: Extra unknown form params alongside valid credentials","api","Tue Oct 06 14:23:56 UTC 2026","passed","Tue Oct 06 14:23:56 UTC 2026","/verifyLogin endpoint tests","api/verify-login.spec.ts","",""
"","140","API 5: Search with non-existing product returns empty array","api","Tue Oct 06 14:23:52 UTC 2026","passed","Tue Oct 06 14:23:52 UTC 2026","/searchProduct endpoint tests","api/search-product.spec.ts","",""
"","125","Negative: Special characters as search_product param","api","Tue Oct 06 14:23:52 UTC 2026","passed","Tue Oct 06 14:23:53 UTC 2026","/searchProduct endpoint tests","api/search-product.spec.ts","",""
"","126","Negative: Special characters as email","api","Tue Oct 06 14:23:57 UTC 2026","passed","Tue Oct 06 14:23:57 UTC 2026","/verifyLogin endpoint tests","api/verify-login.spec.ts","",""
"","114","Negative: Both email and password invalid should not return 200","api","Tue Oct 06 14:23:57 UTC 2026","passed","Tue Oct 06 14:23:57 UTC 2026","/verifyLogin endpoint tests","api/verify-login.spec.ts","",""
"","127","Negative: Create account with only email should return 400","api","Tue Oct 06 14:23:46 UTC 2026","passed","Tue Oct 06 14:23:46 UTC 2026","/createAccount endpoint tests","api/create-account.spec.ts","",""
"","109","Negative: Path traversal on deleteAccount","api","Tue Oct 06 14:23:49 UTC 2026","passed","Tue Oct 06 14:23:49 UTC 2026","/deleteAccount endpoint tests","api/delete-account.spec.ts","",""
"","121","Negative: Path param appended to updateAccount","api","Tue Oct 06 14:23:56 UTC 2026","passed","Tue Oct 06 14:23:56 UTC 2026","/updateAccount endpoint tests","api/update-account.spec.ts","",""
"","113","Negative: DELETE without any params should return 400","api","Tue Oct 06 14:23:48 UTC 2026","passed","Tue Oct 06 14:23:48 UTC 2026","/deleteAccount endpoint tests","api/delete-account.spec.ts","",""
"","116","Negative: Special characters as email","api","Tue Oct 06 14:23:48 UTC 2026","passed","Tue Oct 06 14:23:48 UTC 2026","/createAccount endpoint tests","api/create-account.spec.ts","",""
"","431","Negative: DELETE with valid email but wrong password should not return 200","api","Tue Oct 06 14:23:48 UTC 2026","passed","Tue Oct 06 14:23:49 UTC 2026","/deleteAccount endpoint tests","api/delete-account.spec.ts","",""
"","810","Negative: XSS injection in firstname field","api","Tue Oct 06 14:23:55 UTC 2026","passed","Tue Oct 06 14:23:55 UTC 2026","/updateAccount endpoint tests","api/update-account.spec.ts","",""
"","108","API 9: DELETE To Verify Login should return 405","api","Tue Oct 06 14:23:57 UTC 2026","passed","Tue Oct 06 14:23:57 UTC 2026","/verifyLogin endpoint tests","api/verify-login.spec.ts","",""
"","125","Negative: Empty string as email","api","Tue Oct 06 14:23:56 UTC 2026","passed","Tue Oct 06 14:23:56 UTC 2026","/verifyLogin endpoint tests","api/verify-login.spec.ts","",""
"","122","Negative: Wrong param name instead of search_product","api","Tue Oct 06 14:23:53 UTC 2026","passed","Tue Oct 06 14:23:53 UTC 2026","/searchProduct endpoint tests","api/search-product.spec.ts","",""
"","447","API 13: PUT Update Account with all params should return 200","api","Tue Oct 06 14:23:53 UTC 2026","passed","Tue Oct 06 14:23:53 UTC 2026","/updateAccount endpoint tests","api/update-account.spec.ts","",""
"","118","Negative: Path param appended to getUserDetailByEmail","api","Tue Oct 06 14:23:50 UTC 2026","passed","Tue Oct 06 14:23:51 UTC 2026","/getUserDetailByEmail endpoint tests","api/get-user-detail.spec.ts","",""
"","129","Negative: Create account without company + mobile should return 400","api","Tue Oct 06 14:23:47 UTC 2026","passed","Tue Oct 06 14:23:47 UTC 2026","/createAccount endpoint tests","api/create-account.spec.ts","",""
"","109","Negative: PUT method on deleteAccount should not return 200","api","Tue Oct 06 14:23:49 UTC 2026","passed","Tue Oct 06 14:23:49 UTC 2026","/deleteAccount endpoint tests","api/delete-account.spec.ts","",""
"","131","Negative: Very long string as password","api","Tue Oct 06 14:23:49 UTC 2026","passed","Tue Oct 06 14:23:49 UTC 2026","/deleteAccount endpoint tests","api/delete-account.spec.ts","",""
"","178","Negative: Path traversal on getUserDetailByEmail resolves to different endpoint","api","Tue Oct 06 14:23:51 UTC 2026","passed","Tue Oct 06 14:23:51 UTC 2026","/getUserDetailByEmail endpoint tests","api/get-user-detail.spec.ts","",""
"","133","Negative: Numeric value as email should not find user","api","Tue Oct 06 14:23:50 UTC 2026","passed","Tue Oct 06 14:23:50 UTC 2026","/getUserDetailByEmail endpoint tests","api/get-user-detail.spec.ts","",""
"","108","Negative: GET method on verifyLogin should return 405","api","Tue Oct 06 14:23:57 UTC 2026","passed","Tue Oct 06 14:23:57 UTC 2026","/verifyLogin endpoint tests","api/verify-login.spec.ts","",""
"","115","Negative: Random query params should be ignored and return 200","api","Tue Oct 06 14:23:45 UTC 2026","passed","Tue Oct 06 14:23:45 UTC 2026","/brandsList endpoint tests","api/brands-list.spec.ts","",""
"","118","Negative: Create account with only password should return 400","api","Tue Oct 06 14:23:46 UTC 2026","passed","Tue Oct 06 14:23:46 UTC 2026","/createAccount endpoint tests","api/create-account.spec.ts","",""
"","480","Negative: Update with wrong password for existing account","api","Tue Oct 06 14:23:56 UTC 2026","passed","Tue Oct 06 14:23:56 UTC 2026","/updateAccount endpoint tests","api/update-account.spec.ts","",""
"","133","API 3: DELETE To All Products List should return 405","api","Tue Oct 06 14:23:51 UTC 2026","passed","Tue Oct 06 14:23:51 UTC 2026","/productsList endpoint tests","api/products-list.spec.ts","",""
"","145","Negative: GET method on deleteAccount should not return 200","api","Tue Oct 06 14:23:48 UTC 2026","passed","Tue Oct 06 14:23:49 UTC 2026","/deleteAccount endpoint tests","api/delete-account.spec.ts","",""
"","130","API 5: Search returns products for ""tshirt""","api","Tue Oct 06 14:23:52 UTC 2026","passed","Tue Oct 06 14:23:52 UTC 2026","/searchProduct endpoint tests","api/search-product.spec.ts","",""
"","254","Negative: SQL injection in query param","api","Tue Oct 06 14:23:51 UTC 2026","passed","Tue Oct 06 14:23:52 UTC 2026","/productsList endpoint tests","api/products-list.spec.ts","",""
"","130","Negative: Params as query params instead of form data","api","Tue Oct 06 14:23:48 UTC 2026","passed","Tue Oct 06 14:23:48 UTC 2026","/createAccount endpoint tests","api/create-account.spec.ts","",""
"","110","Negative: Empty string as password","api","Tue Oct 06 14:23:47 UTC 2026","passed","Tue Oct 06 14:23:48 UTC 2026","/createAccount endpoint tests","api/create-account.spec.ts","",""
"","134","Negative: GET user detail without email param should return 400","api","Tue Oct 06 14:23:50 UTC 2026","passed","Tue Oct 06 14:23:50 UTC 2026","/getUserDetailByEmail endpoint tests","api/get-user-detail.spec.ts","",""
"","132","Negative: Extra unknown form params alongside search_product","api","Tue Oct 06 14:23:53 UTC 2026","passed","Tue Oct 06 14:23:53 UTC 2026","/searchProduct endpoint tests","api/search-product.spec.ts","",""
"","159","Negative: Create account with no params should return 400","api","Tue Oct 06 14:23:46 UTC 2026","passed","Tue Oct 06 14:23:46 UTC 2026","/createAccount endpoint tests","api/create-account.spec.ts","",""
"","125","Negative: Special characters as email","api","Tue Oct 06 14:23:49 UTC 2026","passed","Tue Oct 06 14:23:49 UTC 2026","/deleteAccount endpoint tests","api/delete-account.spec.ts","",""
"","390","Negative: SQL injection in name field","api","Tue Oct 06 14:23:47 UTC 2026","passed","Tue Oct 06 14:23:47 UTC 2026","/createAccount endpoint tests","api/create-account.spec.ts","",""
"","303","Negative: XSS injection in name field","api","Tue Oct 06 14:23:47 UTC 2026","passed","Tue Oct 06 14:23:47 UTC 2026","/createAccount endpoint tests","api/create-account.spec.ts","",""
"","259","Negative: Numeric value as name","api","Tue Oct 06 14:23:47 UTC 2026","passed","Tue Oct 06 14:23:47 UTC 2026","/createAccount endpoint tests","api/create-account.spec.ts","",""
"","107","Negative: POST method on updateAccount should not return 200","api","Tue Oct 06 14:23:54 UTC 2026","passed","Tue Oct 06 14:23:54 UTC 2026","/updateAccount endpoint tests","api/update-account.spec.ts","",""
"","114","Negative: Wrong param names","api","Tue Oct 06 14:23:49 UTC 2026","passed","Tue Oct 06 14:23:49 UTC 2026","/deleteAccount endpoint tests","api/delete-account.spec.ts","",""
"","120","Negative: Empty string as email","api","Tue Oct 06 14:23:49 UTC 2026","passed","Tue Oct 06 14:23:49 UTC 2026","/deleteAccount endpoint tests","api/delete-account.spec.ts","",""
"","122","Negative: Path traversal on searchProduct","api","Tue Oct 06 14:23:53 UTC 2026","passed","Tue Oct 06 14:23:53 UTC 2026","/searchProduct endpoint tests","api/search-product.spec.ts","",""
"","757","API 3: POST To All Brands List should return 405","api","Tue Oct 06 14:23:45 UTC 2026","passed","Tue Oct 06 14:23:45 UTC 2026","/brandsList endpoint tests","api/brands-list.spec.ts","",""
"","557","API 14: Deleted account should not return user detail","api","Tue Oct 06 14:23:51 UTC 2026","passed","Tue Oct 06 14:23:51 UTC 2026","/getUserDetailByEmail endpoint tests","api/get-user-detail.spec.ts","",""
"","129","Negative: Empty string as password","api","Tue Oct 06 14:23:56 UTC 2026","passed","Tue Oct 06 14:23:57 UTC 2026","/verifyLogin endpoint tests","api/verify-login.spec.ts","",""
"","142","Negative: Path param appended to deleteAccount","api","Tue Oct 06 14:23:49 UTC 2026","passed","Tue Oct 06 14:23:49 UTC 2026","/deleteAccount endpoint tests","api/delete-account.spec.ts","",""
"","192","Negative: Path traversal on updateAccount","api","Tue Oct 06 14:23:56 UTC 2026","passed","Tue Oct 06 14:23:56 UTC 2026","/updateAccount endpoint tests","api/update-account.spec.ts","",""
"","263","Negative: GET with empty query param values","api","Tue Oct 06 14:23:52 UTC 2026","passed","Tue Oct 06 14:23:52 UTC 2026","/productsList endpoint tests","api/products-list.spec.ts","",""
"","123","Negative: SQL injection in password field","api","Tue Oct 06 14:23:49 UTC 2026","passed","Tue Oct 06 14:23:49 UTC 2026","/deleteAccount endpoint tests","api/delete-account.spec.ts","",""
"","126","Negative: Empty string as email","api","Tue Oct 06 14:23:47 UTC 2026","passed","Tue Oct 06 14:23:48 UTC 2026","/createAccount endpoint tests","api/create-account.spec.ts","",""
"","130","Negative: Numeric value as email","api","Tue Oct 06 14:23:56 UTC 2026","passed","Tue Oct 06 14:23:56 UTC 2026","/verifyLogin endpoint tests","api/verify-login.spec.ts","",""
"","112","Negative: GET method on createAccount should not return 201","api","Tue Oct 06 14:23:47 UTC 2026","passed","Tue Oct 06 14:23:47 UTC 2026","/createAccount endpoint tests","api/create-account.spec.ts","",""
"","114","Negative: XSS injection in email param should not find user","api","Tue Oct 06 14:23:50 UTC 2026","passed","Tue Oct 06 14:23:50 UTC 2026","/getUserDetailByEmail endpoint tests","api/get-user-detail.spec.ts","",""
"","126","Negative: GET user detail with invalid email format should not find user","api","Tue Oct 06 14:23:50 UTC 2026","passed","Tue Oct 06 14:23:50 UTC 2026","/getUserDetailByEmail endpoint tests","api/get-user-detail.spec.ts","",""
"","114","Negative: SQL injection in email param","api","Tue Oct 06 14:23:50 UTC 2026","passed","Tue Oct 06 14:23:50 UTC 2026","/getUserDetailByEmail endpoint tests","api/get-user-detail.spec.ts","",""
"","127","API 4: PUT To All Products List should return 405","api","Tue Oct 06 14:23:51 UTC 2026","passed","Tue Oct 06 14:23:51 UTC 2026","/productsList endpoint tests","api/products-list.spec.ts","",""
"","137","Negative: DELETE with non-existing email should not return 200","api","Tue Oct 06 14:23:48 UTC 2026","passed","Tue Oct 06 14:23:49 UTC 2026","/deleteAccount endpoint tests","api/delete-account.spec.ts","",""
"","231","API 1: Get All Products List should return 200 and products array","api","Tue Oct 06 14:23:51 UTC 2026","passed","Tue Oct 06 14:23:51 UTC 2026","/productsList endpoint tests","api/products-list.spec.ts","",""
"","221","Negative: Empty string as search_product param","api","Tue Oct 06 14:23:52 UTC 2026","passed","Tue Oct 06 14:23:53 UTC 2026","/searchProduct endpoint tests","api/search-product.spec.ts","",""
"","593","Negative: Create account with duplicate email should return 400","api","Tue Oct 06 14:23:46 UTC 2026","passed","Tue Oct 06 14:23:47 UTC 2026","/createAccount endpoint tests","api/create-account.spec.ts","",""
"","119","Negative: Empty string as password","api","Tue Oct 06 14:23:49 UTC 2026","passed","Tue Oct 06 14:23:49 UTC 2026","/deleteAccount endpoint tests","api/delete-account.spec.ts","",""
"","122","Negative: Path traversal attempt","api","Tue Oct 06 14:23:45 UTC 2026","passed","Tue Oct 06 14:23:45 UTC 2026","/brandsList endpoint tests","api/brands-list.spec.ts","",""
"","114","Negative: Invalid email with valid password should not return 200","api","Tue Oct 06 14:23:57 UTC 2026","passed","Tue Oct 06 14:23:57 UTC 2026","/verifyLogin endpoint tests","api/verify-login.spec.ts","",""
"","273","API 11: POST Create Account with all params should return 201","api","Tue Oct 06 14:23:46 UTC 2026","passed","Tue Oct 06 14:23:46 UTC 2026","/createAccount endpoint tests","api/create-account.spec.ts","",""
"","130","Negative: SQL injection in password field","api","Tue Oct 06 14:23:57 UTC 2026","passed","Tue Oct 06 14:23:57 UTC 2026","/verifyLogin endpoint tests","api/verify-login.spec.ts","",""
"","122","Negative: Numeric path param appended","api","Tue Oct 06 14:23:45 UTC 2026","passed","Tue Oct 06 14:23:45 UTC 2026","/brandsList endpoint tests","api/brands-list.spec.ts","",""
"","314","Negative: GET with special chars in query params","api","Tue Oct 06 14:23:52 UTC 2026","passed","Tue Oct 06 14:23:52 UTC 2026","/productsList endpoint tests","api/products-list.spec.ts","",""
"","111","Negative: Valid email with wrong password should not return 200","api","Tue Oct 06 14:23:57 UTC 2026","passed","Tue Oct 06 14:23:57 UTC 2026","/verifyLogin endpoint tests","api/verify-login.spec.ts","",""
"","112","Negative: Swapped param names (password in email field)","api","Tue Oct 06 14:23:57 UTC 2026","passed","Tue Oct 06 14:23:57 UTC 2026","/verifyLogin endpoint tests","api/verify-login.spec.ts","",""
"","116","Negative: Path param appended to searchProduct","api","Tue Oct 06 14:23:53 UTC 2026","passed","Tue Oct 06 14:23:53 UTC 2026","/searchProduct endpoint tests","api/search-product.spec.ts","",""
"","161","Negative: Create account without firstname + lastname should return 400","api","Tue Oct 06 14:23:46 UTC 2026","passed","Tue Oct 06 14:23:47 UTC 2026","/createAccount endpoint tests","api/create-account.spec.ts","",""
"","108","Negative: SQL injection in form param name","api","Tue Oct 06 14:23:57 UTC 2026","passed","Tue Oct 06 14:23:57 UTC 2026","/verifyLogin endpoint tests","api/verify-login.spec.ts","",""
"","109","Negative: Update with no params should return 400","api","Tue Oct 06 14:23:54 UTC 2026","passed","Tue Oct 06 14:23:54 UTC 2026","/updateAccount endpoint tests","api/update-account.spec.ts","",""
"","124","Negative: Path param appended to verifyLogin","api","Tue Oct 06 14:23:57 UTC 2026","passed","Tue Oct 06 14:23:57 UTC 2026","/verifyLogin endpoint tests","api/verify-login.spec.ts","",""
"","124","Negative: Numeric path param appended","api","Tue Oct 06 14:23:52 UTC 2026","passed","Tue Oct 06 14:23:52 UTC 2026","/productsList endpoint tests","api/products-list.spec.ts","",""
"","149","Negative: Credentials as query params instead of form data","api","Tue Oct 06 14:23:57 UTC 2026","passed","Tue Oct 06 14:23:58 UTC 2026","/verifyLogin endpoint tests","api/verify-login.spec.ts","",""
"","409","API 14: Response contains all expected user detail fields","api","Tue Oct 06 14:23:49 UTC 2026","passed","Tue Oct 06 14:23:50 UTC 2026","/getUserDetailByEmail endpoint tests","api/get-user-detail.spec.ts","",""
"","261","Negative: Invalid title value","api","Tue Oct 06 14:23:48 UTC 2026","passed","Tue Oct 06 14:23:48 UTC 2026","/createAccount endpoint tests","api/create-account.spec.ts","",""
"","153","Negative: Special characters as email in update","api","Tue Oct 06 14:23:56 UTC 2026","passed","Tue Oct 06 14:23:56 UTC 2026","/updateAccount endpoint tests","api/update-account.spec.ts","",""
